<annotation>
	<folder>smoke</folder>
	<filename>smoke.d88be550-c160-11eb-af0f-18dbf20cb687.jpg</filename>
	<path>D:\Semester 4-2\Thesis\Faster RCNN\Tensorflow\workspace\images\collectedimages\smoke\smoke.d88be550-c160-11eb-af0f-18dbf20cb687.jpg</path>
	<source>
		<database>Unknown</database>
	</source>
	<size>
		<width>320</width>
		<height>240</height>
		<depth>3</depth>
	</size>
	<segmented>0</segmented>
	<object>
		<name>smoke</name>
		<pose>Unspecified</pose>
		<truncated>0</truncated>
		<difficult>0</difficult>
		<bndbox>
			<xmin>126</xmin>
			<ymin>168</ymin>
			<xmax>227</xmax>
			<ymax>200</ymax>
		</bndbox>
	</object>
</annotation>
