<annotation>
	<folder>smoke</folder>
	<filename>smoke.73a09906-c161-11eb-8b86-18dbf20cb687.jpg</filename>
	<path>D:\Semester 4-2\Thesis\Faster RCNN\Tensorflow\workspace\images\collectedimages\smoke\smoke.73a09906-c161-11eb-8b86-18dbf20cb687.jpg</path>
	<source>
		<database>Unknown</database>
	</source>
	<size>
		<width>320</width>
		<height>240</height>
		<depth>3</depth>
	</size>
	<segmented>0</segmented>
	<object>
		<name>smoke</name>
		<pose>Unspecified</pose>
		<truncated>0</truncated>
		<difficult>0</difficult>
		<bndbox>
			<xmin>99</xmin>
			<ymin>28</ymin>
			<xmax>236</xmax>
			<ymax>209</ymax>
		</bndbox>
	</object>
</annotation>
