<annotation>
	<folder>smoke</folder>
	<filename>smoke.de8ae434-c160-11eb-aa21-18dbf20cb687.jpg</filename>
	<path>D:\Semester 4-2\Thesis\Faster RCNN\Tensorflow\workspace\images\collectedimages\smoke\smoke.de8ae434-c160-11eb-aa21-18dbf20cb687.jpg</path>
	<source>
		<database>Unknown</database>
	</source>
	<size>
		<width>320</width>
		<height>240</height>
		<depth>3</depth>
	</size>
	<segmented>0</segmented>
	<object>
		<name>smoke</name>
		<pose>Unspecified</pose>
		<truncated>0</truncated>
		<difficult>0</difficult>
		<bndbox>
			<xmin>123</xmin>
			<ymin>156</ymin>
			<xmax>230</xmax>
			<ymax>204</ymax>
		</bndbox>
	</object>
</annotation>
