<annotation>
	<folder>smoke</folder>
	<filename>smoke.d79e60e2-c4a2-11eb-9f10-18dbf20cb687.jpg</filename>
	<path>D:\Semester 4-2\Thesis\Faster RCNN\Tensorflow\workspace\images\collectedimages\smoke\smoke.d79e60e2-c4a2-11eb-9f10-18dbf20cb687.jpg</path>
	<source>
		<database>Unknown</database>
	</source>
	<size>
		<width>320</width>
		<height>240</height>
		<depth>3</depth>
	</size>
	<segmented>0</segmented>
	<object>
		<name>smoke</name>
		<pose>Unspecified</pose>
		<truncated>0</truncated>
		<difficult>0</difficult>
		<bndbox>
			<xmin>66</xmin>
			<ymin>111</ymin>
			<xmax>175</xmax>
			<ymax>149</ymax>
		</bndbox>
	</object>
	<object>
		<name>smoke</name>
		<pose>Unspecified</pose>
		<truncated>0</truncated>
		<difficult>0</difficult>
		<bndbox>
			<xmin>163</xmin>
			<ymin>86</ymin>
			<xmax>210</xmax>
			<ymax>108</ymax>
		</bndbox>
	</object>
	<object>
		<name>smoke</name>
		<pose>Unspecified</pose>
		<truncated>0</truncated>
		<difficult>0</difficult>
		<bndbox>
			<xmin>187</xmin>
			<ymin>127</ymin>
			<xmax>252</xmax>
			<ymax>144</ymax>
		</bndbox>
	</object>
</annotation>
