<annotation>
	<folder>smoke</folder>
	<filename>smoke.d6675946-c4a2-11eb-9dd9-18dbf20cb687.jpg</filename>
	<path>D:\Semester 4-2\Thesis\Faster RCNN\Tensorflow\workspace\images\collectedimages\smoke\smoke.d6675946-c4a2-11eb-9dd9-18dbf20cb687.jpg</path>
	<source>
		<database>Unknown</database>
	</source>
	<size>
		<width>320</width>
		<height>240</height>
		<depth>3</depth>
	</size>
	<segmented>0</segmented>
	<object>
		<name>smoke</name>
		<pose>Unspecified</pose>
		<truncated>0</truncated>
		<difficult>0</difficult>
		<bndbox>
			<xmin>58</xmin>
			<ymin>92</ymin>
			<xmax>178</xmax>
			<ymax>148</ymax>
		</bndbox>
	</object>
	<object>
		<name>smoke</name>
		<pose>Unspecified</pose>
		<truncated>0</truncated>
		<difficult>0</difficult>
		<bndbox>
			<xmin>163</xmin>
			<ymin>87</ymin>
			<xmax>214</xmax>
			<ymax>108</ymax>
		</bndbox>
	</object>
	<object>
		<name>smoke</name>
		<pose>Unspecified</pose>
		<truncated>0</truncated>
		<difficult>0</difficult>
		<bndbox>
			<xmin>190</xmin>
			<ymin>127</ymin>
			<xmax>249</xmax>
			<ymax>146</ymax>
		</bndbox>
	</object>
</annotation>
